x,y
118,413,0.97
128.46,412.357,0.951165
135.535,412.28,0.938524
146.186,412.675,0.919716
157.982,413.882,0.89929
170.058,415.891,0.878971
181.038,418.401,0.861156
191.088,421.271,0.845527
200.718,424.423,0.831326
210.618,427.888,0.817729
220.956,431.632,0.804798
231.69,435.593,0.792899
242.658,439.689,0.782485
253.7,443.835,0.773902
264.654,447.948,0.767365
275.361,451.945,0.762945
285.659,455.742,0.760569
295.502,459.283,0.760027
305.047,462.55,0.761102
314.947,465.62,0.763832
325.667,468.475,0.768554
337.338,471.025,0.775673
348.612,472.928,0.784393
358.673,474.11,0.79361
365.298,474.633,0.800383
375,475,0.81126
408.309,476.261,0.856438
441.619,477.522,0.91082
474.928,478.782,0.97
441.619,477.522,0.7
408.309,476.261,0.7
375,475,0.7
219,718,0.97
229.298,710.149,0.956494
235.701,705.225,0.948094
244.541,698.501,0.936604
253.241,691.855,0.925379
261.014,686,0.91551
266.795,679.926,0.907108
270.311,673.199,0.899596
271.743,663.859,0.890385
272.071,654.548,0.881476
271.946,645.573,0.873071
271.818,637.736,0.86589
271.716,629.979,0.858937
271.636,621.942,0.851908
271.55,613.377,0.844625
271.46,604.317,0.837168
271.366,594.797,0.829623
271.266,584.85,0.822077
271.161,574.511,0.814616
271.052,563.814,0.807328
270.937,552.792,0.8003
270.817,541.48,0.793617
270.692,529.911,0.787358
270.561,518.12,0.781601
270.425,506.14,0.776415
270.284,494.006,0.771861
270.136,481.751,0.767993
269.983,469.41,0.764855
269.824,457.017,0.76248
269.66,444.605,0.760891
269.489,432.208,0.760098
269.312,419.861,0.7601
269.129,407.597,0.760884
268.94,395.451,0.762427
268.744,383.457,0.764692
268.542,371.648,0.767636
268.334,360.058,0.771202
268.119,348.722,0.775329
267.897,337.673,0.779946
267.668,326.946,0.784978
267.433,316.575,0.790343
267.191,306.592,0.795958
266.941,297.034,0.801737
266.685,287.932,0.807593
266.421,279.322,0.81344
266.15,271.238,0.819191
265.816,263.383,0.825016
265.241,255.224,0.831309
263.964,245.448,0.8392
261.626,234.773,0.848311
257.818,224.861,0.902508
254.343,219.507,0.953189
247,219,0.914873
230.373,217.852,0.88549
213.746,216.704,0.901686
197.119,215.556,0.91835
180.492,214.408,0.935369
163.865,213.26,0.952625
147.238,212.112,0.97
163.865,213.26,0.7
180.492,214.408,0.7
197.119,215.556,0.7
213.746,216.704,0.7
230.373,217.852,0.7
247,219,0.7
254.343,219.507,0.7
90,142,0.97
97.9019,136.174,0.955103
103.96,133.458,0.945066
113.985,131.066,0.929608
126.082,130.784,0.911752
138.902,132.563,0.893149
150.044,135.499,0.87715
159.413,138.986,0.863786
167.603,142.682,0.852248
175.758,146.692,0.841082
184.299,151.053,0.829905
193.352,155.773,0.818746
202.852,160.811,0.807886
212.734,166.126,0.797599
222.933,171.677,0.78815
233.384,177.42,0.779779
244.023,183.315,0.772698
254.784,189.321,0.76708
265.604,195.395,0.763051
276.417,201.496,0.760687
287.159,207.583,0.760007
297.764,213.613,0.76098
308.169,219.545,0.763516
318.307,225.338,0.767479
328.115,230.95,0.772689
337.527,236.339,0.778929
346.48,241.464,0.785955
354.907,246.283,0.793502
362.745,250.755,0.801298
369.824,254.779,0.808951
376.238,258.407,0.816359
380.692,260.916,0.821755
388,265,0.831026
409.823,277.197,0.861601
431.646,289.393,0.895709
453.469,301.59,0.932239
475.292,313.786,0.97
453.469,301.59,0.7
431.646,289.393,0.7
409.823,277.197,0.7
388,265,0.7
335,345,0.97
342.78,343.773,0.964602
348.087,343.251,0.960949
356.486,343.101,0.9552
366.933,344.112,0.948034
378.812,346.415,0.939804
390.707,349.721,0.931456
401.028,353.28,0.924126
409.881,356.846,0.917765
417.857,360.392,0.911992
425.85,364.125,0.906205
434.179,368.116,0.900203
442.927,372.379,0.893948
452.04,376.883,0.887497
461.461,381.594,0.880907
471.136,386.482,0.874236
481.01,391.515,0.867539
491.027,396.661,0.860871
501.133,401.887,0.854285
511.271,407.163,0.84783
521.387,412.457,0.841551
531.425,417.736,0.83549
541.331,422.97,0.829684
551.048,428.125,0.824166
560.522,433.171,0.818962
569.698,438.075,0.814095
578.567,442.832,0.809558
587.219,447.494,0.805295
595.986,452.254,0.801141
605.223,457.331,0.796946
615.212,462.913,0.792625
625.693,468.886,0.788337
636.311,475.064,0.78426
646.703,481.237,0.780539
656.734,487.303,0.777213
666.357,493.205,0.774276
675.57,498.909,0.771708
684.372,504.38,0.769483
692.762,509.586,0.767576
700.739,514.492,0.765962
708.418,519.118,0.764596
716.088,523.556,0.763418
724.475,528.072,0.762345
733.973,532.69,0.76139
744.687,537.216,0.760625
755.549,540.746,0.760167
766.178,542.643,0.760002
776.146,542.105,0.760082
785.103,539.017,0.760364
791.803,533.277,0.760807
795.654,526.011,0.761376
797.014,517.664,0.762118
796.8,508.638,0.763084
795.779,498.783,0.764352
794.305,488.101,0.765976
792.527,476.68,0.767997
790.535,464.775,0.770415
788.454,452.876,0.773145
786.391,441.42,0.776065
784.412,430.699,0.779054
782.456,420.365,0.782166
780.451,410.028,0.785504
778.338,399.357,0.789181
776.116,388.336,0.793221
773.804,377.071,0.7976
771.435,365.725,0.802259
769.041,354.461,0.807125
766.655,343.444,0.812111
764.308,332.836,0.81712
762.031,322.802,0.82204
759.779,313.361,0.826835
757.271,304.414,0.83156
753.77,295.511,0.836557
748.307,287.097,0.841938
740.427,280.011,0.84777
730.569,276.42,0.853688
719.943,276.558,0.859822
708.893,279.851,0.866627
697.673,284.775,0.874018
686.605,290.181,0.881604
676.098,295.43,0.88897
668.684,299.144,0.894243
657,305,0.902665
648.06,309.481,0.909192
639.12,313.961,0.915784
630.18,318.442,0.922434
621.24,322.923,0.929135
612.3,327.403,0.935879
603.36,331.884,0.942659
594.42,336.364,0.949469
585.48,340.845,0.956301
576.54,345.326,0.963147
567.6,349.806,0.97
570,808,0.97
584.472,798.423,0.95354
591.768,792.707,0.944783
600.579,784.904,0.93373
607.716,776.909,0.923754
613.088,768.58,0.914623
616.486,759.332,0.905658
618.208,748.862,0.896145
618.801,737.215,0.885887
618.843,726.481,0.876651
618.69,716.916,0.868604
618.502,708.452,0.86164
618.3,700.052,0.854886
618.082,691.327,0.848047
617.843,682.107,0.841026
617.581,672.436,0.833902
617.295,662.356,0.826754
616.983,651.909,0.819661
616.644,641.14,0.812699
616.277,630.09,0.805943
615.879,618.802,0.799466
615.45,607.32,0.793332
614.988,595.686,0.787603
614.492,583.942,0.782332
613.961,572.133,0.777565
613.392,560.299,0.77334
612.785,548.486,0.769684
612.14,536.748,0.766618
611.456,525.162,0.764154
610.741,513.85,0.762295
609.997,502.877,0.761013
609.223,492.221,0.760262
608.406,481.657,0.76
607.536,470.977,0.760226
606.605,460.036,0.760968
605.616,448.813,0.762264
604.574,437.342,0.764147
603.489,425.674,0.766635
602.365,413.861,0.769736
601.212,401.955,0.773446
600.036,390.009,0.777746
598.845,378.075,0.782608
597.646,366.206,0.78799
596.445,354.452,0.793843
595.252,342.868,0.800104
594.073,331.504,0.806704
592.915,320.413,0.813565
591.785,309.648,0.820607
590.692,299.26,0.827741
589.642,289.302,0.834878
588.643,279.826,0.841927
587.701,270.884,0.848796
586.826,262.529,0.855396
586.034,254.932,0.861541
585.317,247.974,0.867281
584.818,243.106,0.871358
584,235,0.878253
582.565,220.786,0.890637
581.131,206.573,0.903352
579.696,192.359,0.916345
578.262,178.146,0.929562
576.827,163.932,0.942947
575.393,149.719,0.956445
573.958,135.505,0.97
575.393,149.719,0.7
576.827,163.932,0.7
578.262,178.146,0.7
579.696,192.359,0.7
581.131,206.573,0.7
582.565,220.786,0.7
584,235,0.7
429,577,1
438.303,568.224,1
443.165,563.397,1
448.938,556.293,1
453.26,548.622,1
455.98,539.47,1
457.244,530.493,1
457.591,521.657,1
457.505,513.182,1
457.25,504.355,1
456.919,494.978,1
456.537,484.967,1
456.114,474.417,1
455.659,463.418,1
455.181,452.063,1
454.689,440.445,1
454.194,428.656,1
453.703,416.788,1
453.227,404.935,1
452.775,393.187,1
452.356,381.639,1
451.979,370.381,1
451.654,359.507,1
451.39,349.11,1
451.199,339.184,1
451.098,329.546,1
451.124,319.563,1
451.321,308.688,1
451.74,296.61,1
452.405,284.16,1
453.319,272.16,1
454.469,261.238,1
455.837,251.379,1
457.418,242.286,1
459.226,233.502,1
461.334,224.48,1
463.829,214.855,1
466.814,204.532,1
470.317,193.973,1
474.39,183.623,1
479.091,173.81,1
484.457,164.627,1
490.473,156.094,1
497.066,148.222,1
504.224,140.923,1
511.949,134.106,1
520.243,127.684,1
529.039,121.648,1
538.163,116.058,1
547.453,110.979,1
556.788,106.44,1
566.272,102.343,1
575.982,98.5831,1
585.926,95.0733,1
595.965,91.7984,1
605.949,88.7583,1
615.802,85.9478,1
625.701,83.3183,1
635.821,80.8634,1
646.388,78.6259,1
657.22,76.7882,1
668.337,75.462,1
679.532,74.6656,1
690.66,74.2928,1
701.324,74.2151,1
711.728,74.3338,1
722.106,74.6029,1
732.75,75.0144,1
743.644,75.579,1
754.658,76.3136,1
765.622,77.241,1
776.428,78.3941,1
787.131,79.8315,1
797.864,81.6161,1
808.785,83.802,1
819.804,86.3826,1
830.753,89.3263,1
841.422,92.5875,0.980556
851.709,96.1354,0.961409
861.599,99.9341,0.942833
871.236,103.935,0.924635
880.759,108.045,0.90667
890.246,112.262,0.888842
899.438,116.818,0.871407
907.986,122.318,0.854337
915.499,129.436,0.837194
921.637,138.138,0.819834
926.219,147.821,0.802687
929.263,157.389,0.786931
931.188,166.794,0.772174
932.421,176.279,0.757793
933.314,186.327,0.742993
934.005,197.032,0.727697
934.548,208.326,0.712095
934.962,220.046,0.696511
935.264,232.028,0.681246
935.472,244.108,0.66657
935.604,256.121,0.652717
935.679,267.904,0.639878
935.715,279.293,0.628198
935.729,290.122,0.617778
935.739,300.229,0.608674
935.759,309.329,0.601001
935.807,317.471,0.594567
935.857,323.063,0.590385
936,332,0.584112
936.123,339.691,0.579121
936.246,347.383,0.574512
936.369,355.074,0.57029
936.492,362.765,0.566459
936.615,370.457,0.563021
936.738,378.148,0.559981
936.861,385.839,0.55734
936.983,393.531,0.555102
937.106,401.222,0.553267
937.229,408.913,0.551839
937.352,416.605,0.550818
937.475,424.296,0.550204
937.598,431.987,0.55
